<?xml version="1.0" encoding="UTF-8"?>
<!DOCTYPE mapper
        PUBLIC "-//mybatis.org//DTD Mapper 3.0//EN"
        "http://mybatis.org/dtd/mybatis-3-mapper.dtd">
<mapper namespace="com.atguigu.lease.web.admin.mapper.FeeKeyMapper">

    <resultMap id="FeeInfoList" type="com.atguigu.lease.web.admin.vo.fee.FeeKeyVo">
        <id property="id" column="id"/>
        <result property="name" column="key_name"/>
        <collection property="feeValueList" ofType="com.atguigu.lease.model.entity.FeeValue">
            <id property="id" column="value_id"/>
            <result property="name" column="value_name"/>
            <result property="unit" column="value_unit"/>
            <result property="feeKeyId" column="key_id"/>
        </collection>
    </resultMap>

    <select id="listFeeInfo" resultMap="FeeInfoList">
        select k.id,
               k.name       key_name,
               v.id         value_id,
               v.name       value_name,
               v.unit       value_unit,
               v.fee_key_id key_id
        from fee_key k
                 left join fee_value v on k.id = v.fee_key_id
        where k.is_deleted = 0
          and v.is_deleted = 0
    </select>
</mapper>
